<project name = "projBanque" default = "all" basedir=".">
    <property file = "build.properties"/>
    <propertyfile file="build.properties">
        <!--
        <entry key="src" value="${basedir}/src"/>
        <entry key="nomDirectory" value="${db.nom}"/>
        <entry key="bin" value="${basedir}/bin"/>
        -->
    </propertyfile>

    <target name = "all" depends = "clean, preparation, compile, choix, buildCreate, setupProduction, setupDevelopment, LaunchJava, check_jar"/>
    <echo message="Compilation en cours..." /> 
       
     <path id="projet.classpath">
        <fileset dir="${db.nom}">
            <include name="*.jar"/>
        </fileset>
        <pathelement location="${db.nom}"/>
    </path>

    <target name="choix">
    <input defaultvalue="bin"
        message="Entrez un nom pour le fichier de la classe :"
        addproperty="db.nom"
    />
    </target>

    <target name = "compile">
        <echo message="compilation en cours"/>
        <javac includeantruntime="false" 
        srcdir = "${src}"
        destdir = "${db.nom}"/>
    </target>

    <target name ="preparation">
        <echo message="preparation en cours"/>
        <mkdir dir="${db.nom}"/> 
        
        
        <loadproperties>
            <file file="build.properties"/>
        </loadproperties>
    </target>
 
    <target name="buildCreate">
        <echo message="creation du .jar"/>
        <jar destfile = "build/app.jar" basedir="${db.nom}"/>
    </target>

    <target name="clean">
        <delete dir="{db.nom}"/>
        
        <echo message="Nettoyage en cours"/>
    </target>

    <target name="setupProduction" if="production"> 
       <echo message = "ok"/>
    </target>

    <target name="setupDevelopment" unless="production"> 
     <echo message="erreur"/>
    </target>

    <target name="LaunchJava">
        <java classname="TestBanque">
            <classpath refid="projet.classpath"/>
        </java>
    </target>


    <target name="check_jar">
        <available file="${src}/Compte.java" property ="found"/>
        <available file="${src}/Banque.java" property ="found"/>
        <available file="${src}/TestBanque.java" property ="found"/>
        <antcall target="check_message"/>
    </target>

    <target name="check_message" unless="found">
        <echo message="Fichier introuvable"/>
    </target>
    
</project> 
